<?xml version="1.0" encoding="UTF-8" standalone="yes"?>
<addon id="repository.greenflix" name="[B][COLOR white]Green Flix[COLOR blue]Repo[/COLOR][/COLOR][/B]" version="1.5" provider-name="Sr. Triste">
<requires>
<import addon="xbmc.addon" version="12.0.0"/>
</requires>
<extension point="xbmc.addon.repository" name="Green Flix Repository">
<dir>
<info compressed="false">https://raw.githubusercontent.com/GreenFli/repo/main/addons/repo/addons.xml</info>
<checksum>https://raw.githubusercontent.com/GreenFli/repo/main/addons/repo/addons.xml.md5</checksum>
<datadir zip="true">https://raw.githubusercontent.com/GreenFli/repo/main/addons/repo/Plugins/</datadir>
</dir>
</extension>
<extension point="xbmc.addon.metadata">
<summary lang="pt_br"></summary>
<description lang="pt_br"></description>
<platform>all</platform>
<assets>
<icon>icon.png</icon>
<fanart>fanart.jpg</fanart>
</assets>
<summary>Repositório Green Flix</summary>
<description>
[B][COLOR blue]●[/COLOR] [COLOR white]Repositório oficial do Green Flix - 2024[/COLOR][/B]
[B][COLOR firebrick]●[/COLOR] [COLOR white]Proibido a venda dos add-ons do Green Flix.[/COLOR][/B]
[B][COLOR firebrick]●[/COLOR] [COLOR white]Não vendemos IPTV, caso ache sites ou mesmo apps é falso.[/COLOR][/B]
</description>
<disclaimer>[B][COLOR white]Green Flix é apenas um AGREGADOR de links e, assim como o Google.com, apenas agrega e organiza os links externos. Não somos responsáveis pelos arquivos aqui encontrados.[/COLOR][/B]</disclaimer>
</extension>
</addon>