<?xml version="1.0" encoding="UTF-8" standalone="yes"?>
<addons>
  <addon 
  id="repository.greenflix" 
  name="[B][COLOR white]Green Flix[COLOR green] Repo[/COLOR][/COLOR][/B]" 
  version="0.5.2" 
  provider-name="Sr. Triste">
  <requires>
    <import addon="xbmc.addon" version="12.0.0"/>  
  </requires>
  <extension point="xbmc.addon.repository" name="[COLOR red]Arrow Negra [COLOR red]Repositorio[/COLOR]">
      <dir>
      <info compressed="true">https://raw.githubusercontent.com/GreenFli/repo/main/addons/repo/addons.xml</info>
      <checksum>https://raw.githubusercontent.com/GreenFli/repo/main/addons/repo/addons.xml.md5</checksum>
      <datadir zip="true">https://raw.githubusercontent.com/GreenFli/repo/raw/main/addons/repo/Plugins/</datadir>
      <hashes>false</hashes>
  </dir>
  </extension>
  <extension point="xbmc.addon.metadata">
    <summary>repositorio Green Flix</summary>
    <description>repositorio oficialGreen Flix - Proibido reproducao sem autorização prévia</description>
    <disclaimer></disclaimer>
    <platform>all</platform>
    <assets>
      <icon>icon.png</icon>
      <fanart>fanart.jpg</fanart>
    </assets>
  </extension>
</addon>
</addons>