<?xml version="1.0" encoding="UTF-8" standalone="yes"?>
<addon id="repository.greenflix" name="[B][COLOR green]Green Flix[/COLOR][/B]" version="0.1" provider-name="Sr.Triste">
    <extension point="xbmc.addon.repository" name="[B][COLOR green]Green Flix[/COLOR][/B]">
        <dir>
            <info compressed="false">https://raw.githubusercontent.com/GreenFli/repo/main/addons/repo/zips/addons.xml</info>
            <checksum>https://raw.githubusercontent.com/GreenFli/repo/main/addons/repo/zips/addons.xml.md5</checksum>
            <datadir zip="true">https://github.com/GreenFli/repo/raw/main/addons/repo/zips/</datadir>
        </dir>
        <dir minversion="19.9.1" maxversion="20.9.0">
            <info compressed="false">https://raw.githubusercontent.com/GreenFli/repo/main/addons/repo/zips/addons.xml</info>
            <checksum>https://raw.githubusercontent.com/GreenFli/repo/main/addons/repo/zips/addons.xml.md5</checksum>
            <datadir zip="true">https://github.com/GreenFli/repo/raw/main/addons/repo/zips/</datadir>
        </dir>
        <dir minversion="20.9.1">
            <info compressed="false">https://raw.githubusercontent.com/GreenFli/repo/main/addons/repo/zips/addons.xml</info>
            <checksum>https://raw.githubusercontent.com/GreenFli/repo/main/addons/repo/zips/addons.xml.md5</checksum>
            <datadir zip="true">https://github.com/GreenFli/repo/raw/main/addons/repo/zips/</datadir>
        </dir>
    </extension>
    <extension point="xbmc.addon.metadata">
        <summary>Repositório Green Flix</summary>
        <description>
		[B][COLOR blue]●[/COLOR] [COLOR white]Repositório oficial do Green Flix - 2024[/COLOR][/B]
        [B][COLOR firebrick]●[/COLOR] [COLOR white]Proibido a venda dos add-ons do Green Flix.[/COLOR][/B]
        [B][COLOR firebrick]●[/COLOR] [COLOR white]Não vendemos IPTV, caso ache sites ou mesmo apps é falso.[/COLOR][/B]
		</description>
        <disclaimer></disclaimer>
        <platform>all</platform>
        <assets>
            <icon>icon.png</icon>
        </assets>
    </extension>
</addon>